Molecule,a0,a1,a2,a3,a4
2_heptene_2000_,4.14193695962216,0.13924541195079365,-0.00014439816584090333,6.89252729151663e-08,-1.2330382905540347e-11
