Molecule,a0,a1,a2,a3,a4
2_heptene_2000_,8.231574558853971,0.27670891930908437,-0.00028694884024528305,1.3696861683151805e-07,-2.4503010731535824e-11
