Molecule,a0,a1,a2,a3,a4
2_butene_2000_,7.160419847994207,0.14015442356730043,-0.00013764355679979286,6.255989940957807e-08,-1.0732997823836854e-11
